trade_dt,pnl,prop_pnl
20190102,0.0,0.0
20190103,0.016080847682779557,0.014080847682779552
20190104,0.00016214361770485602,-0.00034165258305783206
20190107,-0.003000029703745754,-0.0035763575805193414
20190108,0.00044656582723976324,0.0001456122148317154
20190109,0.0002310664931101579,-0.0001589864877170762
20190110,0.0004843813754937575,0.00011771845647941904
20190111,-0.0005140248030855662,-0.000874648724832959
20190114,0.004207704426085173,0.0038869692520457793
20190115,0.005885659664246893,0.005414825438260848
20190116,0.0018999237276995512,0.0010680234449131991
20190117,-0.010525391171773292,-0.010906522766739144
20190118,0.017042133323268496,0.016488119042772812
20190121,-6.486425691384077e-05,-0.0005692864370930637
20190122,-0.004548026993728857,-0.005057307386479072
20190123,-0.0032791774608613823,-0.0037468134978697882
20190124,0.0071780112926857955,0.006731600529968982
20190125,0.01120473716010512,0.010620190547927275
20190128,0.004949633089141023,0.004516462294879188
20190129,0.005989369309597587,0.005345813096180166
20190130,0.014337021866505656,0.013316826524895523
20190131,0.018636676699761934,0.018266241474784416
20190201,-0.006364264386853959,-0.006866345938828629
20190211,-0.020555955210830975,-0.021078861012473294
20190212,-0.004954103798091945,-0.005554137397490509
20190213,-0.0007194637473188453,-0.0013735174775557333
20190214,-0.0076989236763025685,-0.008306636516412499
20190215,-0.00515393120744664,-0.005951863371520493
20190218,-0.007695466990245947,-0.008236965195886552
20190219,-0.007843313035302769,-0.008279505058370728
20190220,0.002516128458909018,0.0018667692607115176
20190221,-0.005468089909988504,-0.005900690458294739
20190222,-0.007785900604094994,-0.008142441494524023
20190225,-0.006439849371864622,-0.006896822738354867
20190226,0.009260498639358877,0.00881948000715319
20190227,0.0024167224795609795,0.001876327112384901
20190228,0.021267908678061477,0.020500398104424063
20190301,-0.015343676551484602,-0.015759292122761323
20190304,-0.012574308382835563,-0.013309218856828776
20190305,-0.005784590794549788,-0.006185141633731555
20190306,-0.006602423530646594,-0.00726081496893525
20190307,-0.0059219056134423645,-0.006850386109089458
20190308,-0.00035016605529513653,-0.0009661182118972584
20190311,0.02555199673560153,0.024845349447478862
20190312,-0.005047405189465716,-0.005513734604457599
20190313,0.02094981251778833,0.020466884262540053
20190314,0.016971394334540875,0.01632097933150499
20190315,0.012679993409895392,0.012146711658403983
20190318,0.008357347735719606,0.007878948496518847
20190319,-0.004572777092552008,-0.005033610136262129
20190320,-0.0003939992361077729,-0.001175156581703191
20190321,-0.0020844876666532017,-0.0025172719129666
20190322,0.00910120399148048,0.008321650248492362
20190325,0.002488547341965292,0.002081506168160472
20190326,-0.0027202368928717444,-0.0039835977341732
20190327,0.007460889646619146,0.006738331369375527
20190328,0.008595428499762657,0.008050017320109555
20190329,0.005599661382369869,0.005139815239479876
20190401,-0.005587470583570014,-0.0061003158150969225
20190402,-0.004740476748212994,-0.005170496954207538
20190403,0.008771075543244203,0.008116712071651681
20190404,0.0011684977103664689,0.0006003134502659068
20190408,-0.0016908554782756853,-0.0021984250251491453
20190409,0.003367996349659686,0.0025360798132520526
20190410,0.013376911544963458,0.012962688411262269
20190411,0.006593724401306665,0.00610852967224392
20190412,0.0008952833297031358,0.0004057512928902769
20190415,-0.003031162827596884,-0.0038488756486489443
20190416,-0.0019966400068830523,-0.0030499368510948813
20190417,-0.0026981390655504917,-0.0031470776050239813
20190418,0.01053200184194299,0.010142857442168824
20190419,0.0030705740810390457,0.002648338230577661
20190422,-0.0025296614467670187,-0.0029306687840862083
20190423,0.009629960418778368,0.009041356867668483
20190424,0.007951502969670423,0.007341947077039141
20190425,-0.0013943057234253836,-0.001837170266714319
20190426,0.007747005659194839,0.007145319225999159
20190429,0.021857615094148627,0.021310621117972182
20190430,0.019427631352149838,0.018731332011603413
20190506,-0.01485187036048563,-0.01570428357623216
20190507,0.015629792618316478,0.01480700878259579
20190508,0.019594116810621207,0.018978785826149713
20190509,0.013818103731526808,0.012922187896719024
20190510,0.005526700158337789,0.004666610508486697
20190513,-0.0017975392834118015,-0.0028463577388521443
20190514,0.00727056585862549,0.0061784255584007046
20190515,0.0008381134539300079,0.0001581793130506408
20190516,0.003700532423074172,0.002975675249344532
20190517,-0.0036020637379108444,-0.0040005932586294835
20190520,0.029230215269391548,0.028121421219610226
20190521,0.011442273345252317,0.010842838877334756
20190522,-0.0025871065654209735,-0.0032405524528141202
20190523,0.010781315642022542,0.010384125407195516
20190524,0.01694603328548405,0.015841476957688675
20190527,0.004438617643876804,0.0036598802173249427
20190528,-0.005465424474219438,-0.006740569764457592
20190529,-0.0065496354169487635,-0.007495841573194365
20190530,0.0015056783232672284,0.0010705405976917312
20190531,-0.009438956121493118,-0.010278173850817363
20190603,0.01282066693766882,0.012335667809612968
20190604,0.013794188102357685,0.013213045029837351
20190605,0.002465174098788596,0.0019829321251693607
20190606,0.019583332268566712,0.019169180243146417
20190610,-0.000864753055294401,-0.0012789068927049872
20190611,-0.0045335863791393155,-0.005076267913198109
20190612,-0.00892408807490042,-0.009900471397340228
20190613,0.00042988242587208383,-0.00015292652090763696
20190614,0.013969044497073365,0.0135477969138141
20190617,0.012299491634489174,0.011724849858466566
20190618,0.0031807438384624754,0.002674888944905945
20190619,0.0026912026190575727,0.0021693973724534353
20190620,0.01729394993276343,0.016362764888240407
20190621,-0.008770419628847923,-0.009360346907865542
20190624,0.00020578905763987687,-0.0005726110939877607
20190625,-0.0030753166146463163,-0.003798286477037666
20190626,0.001778423981242149,0.0013955069166460931
20190627,-0.0002946534549624706,-0.0010148622623885265
20190628,0.0020517100319934604,0.0015825387107534362
20190701,-0.002034768764141567,-0.002544657416376166
20190702,-0.003219784580573896,-0.0037567869557239924
20190703,0.009898328447116767,0.009486648300798714
20190704,0.006624059169134219,0.005828290274021582
20190705,-0.003863103086536649,-0.004369402816800962
20190708,-0.000605993677856762,-0.0012459636309043727
20190709,0.003793979036032708,0.0030315812884733075
20190710,0.003596571672453842,0.0029830096039468925
20190711,0.0016383590392032572,0.0011169109912751245
20190712,0.009675512460065589,0.009303044067718378
20190715,-0.001999866635171599,-0.002625693153804409
20190716,-0.006266024382989396,-0.007243739233209659
20190717,0.002371313294549168,0.00197429175035949
20190718,0.005042277678266614,0.004775765105805896
20190719,0.005414971570460428,0.005023172230405898
20190722,-0.07496614461330986,-0.07545271397293701
20190723,0.0018846574652769685,0.0009370151854741231
20190724,-0.013292331460901568,-0.014009844094982137
20190725,-0.007925348756063742,-0.008478815242955993
20190726,0.006015695632592653,0.005445742249455245
20190729,-0.011430558006284662,-0.011759238691578057
20190730,-0.00048724150426032557,-0.00088780774920309
20190731,-0.0027342980558702403,-0.0031060625421220948
20190801,-0.016290515315792006,-0.01685136222654239
20190802,-0.0133284351546025,-0.013731219462947085
20190805,-0.01565047677664414,-0.01604171132456484
20190806,-0.002382263305401979,-0.002810917549632374
20190807,0.0023336501639796003,0.0019218368023529988
20190808,-0.005020401816837712,-0.005581665284254125
20190809,0.0029099363993354377,0.0025196811083869875
20190812,-0.009704499169679193,-0.010071092268840141
20190813,-0.010827973744716493,-0.011812938999927653
20190814,0.004755026060276063,0.004162466689823434
20190815,-0.004543774432090656,-0.0056863043106978334
20190816,0.0017285881533231873,0.0012338294519181575
20190819,0.0018049814221471191,0.0014068632952598296
20190820,-0.0043487243429321904,-0.004890531610036162
20190821,0.008743011603484762,0.008353616522217689
20190822,0.003541200126864262,0.003178560462124855
20190823,0.010462405983799328,0.010171481782774125
20190826,-0.006731085064445837,-0.007076382432967974
20190827,0.006198157689864699,0.0058046673571495845
20190828,0.0069651058176065355,0.006509308553171364
20190829,-0.0029355065817495756,-0.003568779896861152
20190830,-0.0010433500503316115,-0.0017849256701254876
20190902,0.0064120844539175305,0.0059536215171587985
20190903,-0.010306420200856712,-0.01069104271144161
20190904,0.0050950590044117365,0.004667660645846439
20190905,-0.0018937020077963512,-0.0024284593948750367
20190906,0.0005860661751401078,0.00017042590210970056
20190909,-0.005469762691299041,-0.005748803932558916
20190910,0.0008172696918364334,0.00042471493706304427
20190911,0.004996817774826628,0.004641741690986534
20190912,0.006619694461440714,0.006149834206558672
20190916,-0.005852403262265082,-0.006213258316133678
20190917,-0.01052819165533964,-0.010985012190109385
20190918,0.001944841728098039,0.0014457375590631338
20190919,0.0021465300440678316,0.0014845743745100354
20190920,0.0025494083977781407,0.0019589799630631566
20190923,-0.006435673056471211,-0.0068748845320890225
20190924,-0.0008614200800486858,-0.0015513403229502356
20190925,-0.004692242263216703,-0.005093630232526755
20190926,0.020651777185031358,0.020186551546036213
20190927,0.0074011603367923305,0.006579245161615005
20190930,0.0011800755389912267,0.0005591428435262687
20191008,0.008466655142389472,0.007345846083386133
20191009,0.009386000354284328,0.00869221403925523
20191010,-0.0004185409894325831,-0.0008716987932220512
20191011,0.009505964158485689,0.00875550176546918
20191014,-0.001971158825953265,-0.0024060370598502664
20191015,0.005565288548132595,0.005172602287324291
20191016,0.004481712029455345,0.00397694181955042
20191017,0.0036300589140119484,0.0031621965446039222
20191018,-0.011621991979813309,-0.012342928690643299
20191021,0.01608003219205449,0.015565720748687943
20191022,0.0005688997440650285,0.00015633266060063547
20191023,-0.0004821598823425595,-0.0009478428477099384
20191024,0.00697205517195696,0.006458267126611457
20191025,0.006826090397156089,0.00643196846376725
20191028,-0.01683420524893485,-0.017371626232395528
20191029,0.0010458172563449185,9.83229154828348e-05
20191030,-0.00865465932930399,-0.009385443463581649
20191031,0.004651170985967905,0.004089992044896532
20191101,0.005437796091834084,0.004863791398811059
20191104,-0.00682695722346582,-0.007344341641639434
20191105,0.0006761566095708839,-6.15117006897587e-05
20191106,-0.0034254753782054018,-0.003781851341857575
20191107,-0.0087981359698101,-0.009206563791897734
20191108,-0.006277642293712939,-0.006631012358856986
20191111,-0.0046453139179010675,-0.004976461197682201
20191112,-0.00156053127628298,-0.002034684026157924
20191113,-0.003491321251131077,-0.0039097660492659276
20191114,-0.0034928689218256476,-0.00390050067482398
20191115,0.0019956600259885427,0.0016079216744608097
20191118,-0.005670734937171386,-0.006153957095221299
20191119,-0.007135076609253329,-0.007525360904939234
20191120,-0.009468298200127779,-0.01005021484007765
20191121,-0.001972795682460515,-0.002361472172535902
20191122,0.005891664694807151,0.005524432837648135
20191125,0.018514501467961124,0.017639420597490678
20191126,0.00419137004416636,0.0033818023884841456
20191127,-0.003730670694340013,-0.004344211883791788
20191128,-0.003062773120778964,-0.0036573428167493895
20191129,-0.003134473886564731,-0.0038779944867411696
20191202,-0.0028985198921088005,-0.003578144584162159
20191203,-0.0023105620671005312,-0.003272597736068691
20191204,-0.007244399885844088,-0.007686572591951449
20191205,-0.002932793284472573,-0.0033880103956842257
20191206,-0.004058515070157731,-0.004583158023214388
20191209,-0.009929953586620627,-0.010227009318145826
20191210,-0.014206175353346567,-0.01454012138505425
20191211,-0.0003509189021359547,-0.0006795641875506934
20191212,0.001641802903594821,0.0013582943850628801
20191213,0.00933003571607238,0.008995217826962736
20191216,-0.011501772513711516,-0.011982487966468327
20191217,-0.0016585811180478318,-0.002082381458507516
20191218,-0.014811301773969044,-0.015161323611083244
20191219,0.00012377803596181616,-0.00018200177784247212
20191220,-0.0012066840215580088,-0.0016225866778537196
20191223,-0.005185855571014436,-0.006022170351371883
20191224,-0.003861413924520974,-0.004499316261322353
20191225,-0.0020543780522565853,-0.002808511290058489
20191226,-0.005463119246339112,-0.005830145549160161
20191227,0.008934055359515207,0.008143521462974515
20191230,0.017624079043635506,0.01708333666530205
20191231,0.0008590187208585964,0.0004273499760594501
20200102,-0.00805867595188585,-0.00879793329796209
20200103,-0.003972614026417123,-0.004731633050815528
20200106,-0.006281316304892857,-0.007621428442097828
20200107,-0.0033673793861441472,-0.00421645631856543
20200108,-0.0012723564029105752,-0.0018475773580143083
20200109,0.0038714235434380182,0.00286512429232066
20200110,0.005939366107361309,0.005153712272701351
20200113,-0.005509638395297755,-0.006034894000462556
20200114,-0.00021554676910880404,-0.0008555672673348292
20200115,-0.006382476004362428,-0.007305600188532111
20200116,-0.007669786469895706,-0.008120666598721276
20200117,-0.012814653936607572,-0.013454301554424938
20200120,-0.0007940917364515796,-0.0012140931596257125
20200121,-0.006888965071494283,-0.007507735824407695
20200122,-0.008820441238848863,-0.009502719689124669
20200123,-0.021165163084557265,-0.021636304075704556
20200203,-0.04024198304055675,-0.041522155048676325
20200204,-0.0353357684102097,-0.0366682498479035
20200205,-0.014648118192154086,-0.015795077667342502
20200206,-0.0007363887517425377,-0.0010330458357461626
20200207,0.00869635196921503,0.008284919972845499
20200210,0.0196805062580439,0.019385240173769334
20200211,0.0005089038244858578,0.0001013722809710398
20200212,-0.01469767191889791,-0.015099879810744999
20200213,-0.012202359867163302,-0.012477994866458843
20200214,0.001383633311406702,0.0010673611334325026
20200217,0.007811958621845442,0.007505769394335028
20200218,-0.006011625956591348,-0.006520500507004949
20200219,0.013762708405135327,0.013297315348619193
20200220,0.015325793479315612,0.014832869124141975
20200221,-0.00785350497901307,-0.008472214891662107
20200224,-0.007612340092452959,-0.008009080706255103
20200225,-0.018611954622162412,-0.01894649165562626
20200226,0.025600222415468835,0.02521169106828711
20200227,0.009131081513593594,0.008277637686905362
20200228,-0.03151434241940673,-0.03195929191493065
20200302,0.014231796237487167,0.013643093418992239
20200303,0.0010421633373530054,0.0006934113066002288
20200304,0.005236755381328367,0.004815007663410978
20200305,0.010327138326228499,0.009677463736446628
20200306,-0.0028189168939813055,-0.003406713127238857
20200309,-0.010616857761966487,-0.011219731576984235
20200310,0.016769839564371176,0.016027196168430038
20200311,-0.00047142225996367124,-0.0009301735798013121
20200312,-0.00726448711585975,-0.007771619398196447
20200313,-0.004348926195895749,-0.005039144090872908
20200316,-0.011228595090767634,-0.011799363486708769
20200317,0.0035457069962851733,0.002844758358504732
20200318,-0.0006535157521667628,-0.0010592151331582315
20200319,0.013511640194765397,0.013142124937943218
20200320,-0.0029204068663648843,-0.003299161839317878
20200323,-0.016269141552855235,-0.016695235601669075
20200324,0.01233644489322211,0.011541573749851984
20200325,0.016207615266687916,0.015485455155806077
20200326,-0.00515023023857102,-0.005555148316259904
20200327,-0.00278290706674486,-0.0032056365582182854
20200330,-0.02033591120542627,-0.020738074635251035
20200331,-0.002468484979769922,-0.002946543678130575
20200401,0.01867530251246921,0.018191780608868616
20200402,0.022895117536227867,0.022476453164652077
20200403,-0.010303775412616348,-0.010938009138130493
20200407,0.011934400839436041,0.011523956545114684
20200408,0.008453088325928951,0.007473856895919762
20200409,0.0002473357539169293,-0.00030806210416658877
20200410,-0.012463643670323234,-0.0130571936075773
20200413,-0.008842114367469898,-0.00936043825110971
20200414,0.016838761494228867,0.016172255436238767
20200415,-0.008631784735475103,-0.009351041439280993
20200416,0.002295146462004156,0.001795934126834171
20200417,0.007226015912028771,0.00681938374280336
20200420,-0.007087335775958863,-0.00782481001865011
20200421,-0.006663540435484901,-0.0071555902646708806
20200422,0.0019234062587845592,0.0013842764228871433
20200423,-0.007829115441606601,-0.008285976948621916
20200424,-0.0007931205527525898,-0.0012697865503081037
20200427,-3.894226518760249e-05,-0.0006119058347062071
20200428,0.004055922536603789,0.0032975050928875163
20200429,0.001457515330131354,0.0007943923351246931
20200430,0.026442310723204698,0.025863229607946556
20200506,0.012310521317934014,0.011619888759981734
20200507,-0.007696914713470751,-0.00819463095689775
20200508,0.01286506618744878,0.012410501475207633
20200511,-0.007709814565926821,-0.008148572231196562
20200512,-0.0031854824475697546,-0.00359673417433935
20200513,0.002294714614402142,0.0018187775571684355
20200514,-0.007990169788871477,-0.008527951177454437
20200515,-0.0022303050911869488,-0.002616691818220473
20200518,0.006360845001992715,0.005882872633511685
20200519,-0.005513592122347763,-0.006002701817391209
20200520,-0.0035142870245718112,-0.003997222276604041
20200521,-2.6879096327652504e-05,-0.00047137662967108764
20200522,-0.007083584898454291,-0.00755567339525319
20200525,0.006981089613987855,0.006549963416572668
20200526,0.009555250633609815,0.00877968319951205
20200527,-0.008986707486866566,-0.009700273167494932
20200528,0.005605138897699156,0.004880011895178758
20200529,0.0028794976704898073,0.00232784443230745
20200601,-0.001493170838529131,-0.002094771532080135
20200602,-0.01008958279864369,-0.01074109154222867
20200603,-0.007437327201252205,-0.007866694085489656
20200604,-0.0010898177120231985,-0.0015555758318350687
20200605,0.0004055541039899918,-0.00013447910977090098
20200608,-0.0036906010183989854,-0.004072353807886095
20200609,-0.00011557529232504625,-0.0008946089772429756
20200610,0.003944124908406262,0.0035814068949599864
20200611,-0.005906674459384203,-0.006308923385186648
20200612,-0.009096392383195819,-0.00948318026613074
20200615,0.005032489662741014,0.004702088121698616
20200616,0.005888650810893159,0.0055384532580313155
20200617,0.0030645440418067224,0.0027363389764775213
20200618,0.007862847871979385,0.007542781181389414
20200619,0.002553096658717627,0.0022028907129097498
20200622,-0.01165105327659735,-0.012010243742982351
20200623,-0.0013160220264867,-0.0016501635997756932
20200624,0.000285461669512134,-0.0004059598231175997
20200629,-0.002878725031467079,-0.0032064782898717373
20200630,0.006126577926611901,0.00568723649002551
20200701,0.004316663711918617,0.003858814953320963
20200702,0.009693699918063535,0.009246546602780004
20200703,0.009008151565890118,0.008541548298113748
20200706,0.01223226730969102,0.011443134370726755
20200707,-0.012753843150580948,-0.013180328490424918
20200708,-0.012316169404785308,-0.01297168002599967
20200709,-0.025236564458478987,-0.025726376796932165
20200710,-0.030398746704626722,-0.030852266578869712
20200713,0.010340824808340894,0.00990491686901748
20200714,-0.00430318010995325,-0.004764895080985532
20200715,-0.008785829124515702,-0.009300132899939485
20200716,-0.01271435220246267,-0.013287312895028646
20200717,-0.00550136649636272,-0.006348050672082956
20200720,0.008901244170713186,0.008449928055503432
20200721,-0.004666314505052832,-0.005126749680631391
20200722,-0.03165103702748338,-0.032111180703184396
20200723,-0.012517095415626062,-0.012877266444624518
20200724,-0.01501317820736044,-0.015534662604251341
20200727,-0.0013835054722213412,-0.0023340398021885742
20200728,0.003680532255843325,0.003164161698040243
20200729,-0.00470261171695641,-0.005193634767322732
20200730,-0.01523726198972077,-0.015713546831560243
20200731,-0.01301916406753354,-0.013540165829378923
20200803,-0.005303928688045289,-0.005707568447129895
20200804,-0.007779340295932774,-0.008159617061583668
20200805,-0.003727897188198633,-0.004088157492260206
20200806,-0.009053037475412628,-0.009429752810275204
20200807,-0.014376222418406182,-0.01471277115639637
20200810,-0.0012577740815911112,-0.0016601064022651675
20200811,-0.006668116839669569,-0.007099517677347385
20200812,-0.0194926042539904,-0.02029616692709841
20200813,-0.0008588100717915989,-0.001289774443934437
20200814,0.01514386108827999,0.014547219733595167
20200817,-0.017292238981444524,-0.017882960097965958
20200818,-0.010922499557799274,-0.011385237814361815
20200819,-0.006387764263743481,-0.006709014047392152
20200820,-0.005932751041983654,-0.006487637725208632
20200821,0.0029028097037216167,0.0024288286451030895
20200824,-0.06831056956542948,-0.06866895172633186
20200825,-0.009225853872796726,-0.009681123269204287
20200826,0.0004788017178100016,-7.433345746498136e-05
20200827,0.015632822842898495,0.015204059518969049
20200828,0.00855022581653156,0.007992623962520937
20200831,-0.004748110052250057,-0.005185867173475189
20200901,-0.03799166144667045,-0.03856173812498603
20200902,0.0003513258975347028,7.314423936867346e-06
20200903,-0.010149986356989304,-0.01059167587683521
20200904,-0.0157210263046613,-0.016074014919003506
20200907,-0.01722629392152842,-0.017653605672576282
20200908,-0.0015714873935164162,-0.001793906868982969
20200909,-0.005821551131642982,-0.0060963162317879205
20200910,-0.004420788242189158,-0.005024522334884971
20200911,0.005360797342861678,0.004806078915006555
20200914,0.0017377684048716642,0.001221800387864196
20200915,0.0026583432607261226,0.002334129440934812
20200916,-0.03743081110011454,-0.03769993783287638
20200917,-0.019459337713952217,-0.019922369211508716
20200918,0.015867503018221443,0.01554939689357974
20200921,-0.00972939320174946,-0.010204429325987828
20200922,-0.009304645349953965,-0.009922196257707502
20200923,-0.0021763382739925256,-0.0024886841232985854
20200924,-0.028454047230782042,-0.02876390733923276
20200925,0.0041631814697746265,0.003683058730909658
20200928,-0.023318850317664508,-0.023818710301230887
20200929,0.00995413317971577,0.00950280704178537
20200930,0.0007059378762492555,0.00020070279748249105
20201009,0.004462738927923686,0.004092157939520676
20201012,0.005090402698942405,0.00436993417995735
20201013,-0.005770229348727885,-0.006785303433912834
20201014,-0.010047931252131244,-0.010728306555057607
20201015,-0.0003368424101080488,-0.0007276984265457975
20201016,-0.025325769292014026,-0.025875722032670287
20201019,-0.0068847907504119964,-0.007334501836139245
20201020,-0.005389178652713685,-0.006033652076467785
20201021,-0.009754567292404145,-0.010205598014223815
20201022,-0.0028189117753562535,-0.0033727653124230148
20201023,-0.015410303873823639,-0.01612816863224783
20201026,-0.005554607810482382,-0.0061657636896446655
20201027,0.006856065790229568,0.006543372724971078
20201028,0.00365206100746004,0.003329659207373258
20201029,-0.008849011700983572,-0.009245236258279627
20201030,-0.007157658754101151,-0.007616835898847141
20201102,0.007915024094563624,0.007525410349742558
20201103,0.005572481232483255,0.005157202393490066
20201104,-0.002343288009356238,-0.003002698677348383
20201105,-0.008088436127955371,-0.008777668356445664
20201106,-0.01125367000492887,-0.011963777606212053
20201109,-0.0043147413052292,-0.004707995239327359
20201110,0.0013076744081136364,0.0007681732817353329
20201111,-0.021753493540739972,-0.02247669394888491
20201112,-0.005939498638005607,-0.006319324287666968
20201113,-0.004836361677964133,-0.005158317923373812
20201116,-0.0037410448744859327,-0.004069628962684608
20201117,-0.010629628065895395,-0.010937857899609701
20201118,-0.025145341791669606,-0.025649309403317014
20201119,0.00855905662210224,0.008250202551210594
20201120,0.0026549482265261822,0.0022779419503694744
20201123,-0.006235708095319733,-0.006466161204515058
20201124,-0.004703464327503265,-0.005007451520502985
20201125,-0.003608634887735095,-0.004052980548692658
20201126,-0.0034188515894535104,-0.004077054901744978
20201127,0.0018837131913973324,0.001409761539321416
20201130,-0.0028596972814713827,-0.0031822755656848076
20201201,0.005930299214660524,0.005270303447745761
20201202,-0.01286380527019228,-0.013146562138129017
20201203,-0.002519075866730335,-0.0028100982844332326
20201204,-0.0016809742440154363,-0.001999656783473986
20201207,-0.021923492209968767,-0.022279899418148546
20201208,-0.003906742465025429,-0.004335321191557307
20201209,-0.0036738303854096667,-0.004008548947225102
20201210,0.0016310034949354399,0.0009742110179801776
20201211,-0.008688777525314053,-0.009026552112873093
20201214,0.002711530663799622,0.002324307051848236
20201215,0.007187577863405057,0.0068916319907564305
20201216,-0.01024582795181336,-0.010684189026771268
20201217,0.0039050561432526385,0.0035929335753705034
20201218,-0.008973393767106867,-0.00952578686728698
20201221,-0.004868204685791934,-0.005346126006853696
20201222,-0.014470173025761679,-0.014927333883060723
20201223,-0.008287780068750996,-0.008747389982266334
20201224,-0.014429022440211903,-0.014886043374555373
20201225,-0.0019069377373747381,-0.002269942274850744
20201228,-0.007738429528658733,-0.007998211267424322
20201229,0.01712542716815054,0.01681502023082951
20201230,-0.015735397975424115,-0.016180285556475833
20201231,0.00367602500799576,0.0029668367886376435
20210104,-0.0028214126022982856,-0.0032803161436178447
20210105,-0.002525590083131509,-0.002840804914508464
20210106,-0.01167238960919902,-0.01196609917552466
20210107,-0.03234694643401295,-0.032647868323565414
20210108,0.013187274620077552,0.0129151905020797
20210111,-0.009889721522737477,-0.010343217695537128
20210112,0.0025266551144377774,0.0018798752709413501
20210113,-0.013422609228289677,-0.013666226843166426
20210114,0.019247878998762076,0.01898646031565959
20210115,0.012695971703959412,0.012409056223997102
20210118,0.006025978925991527,0.005615884644566136
20210119,0.00971854215269199,0.00939018469909199
20210120,-0.01856562987813879,-0.018931322649289904
20210121,-0.008242715606669225,-0.008615366566300459
20210122,-0.02315437018228239,-0.023787254179244835
20210125,-0.020846896859283443,-0.021136647087800498
20210126,0.0015776406001148477,0.0012507252254592358
20210127,-0.008161311893283427,-0.008568827334231876
20210128,0.007357155821587974,0.006970646417987871
20210129,-0.007872242014535024,-0.008510092637114943
20210201,-0.022461966727866368,-0.023173988085238805
20210202,0.01798703767114295,0.017470104091155663
20210203,-0.028011434165783913,-0.028468105180089118
20210204,-0.012000364907277449,-0.012406167372706292
20210205,0.011507845881026244,0.011020070685281548
20210208,-0.002947521728749699,-0.003276772496078405
20210209,-0.008387002994645301,-0.008857786528781393
20210210,-0.008992618196563341,-0.009322994233228807
20210218,0.006718009064783362,0.006383107037279218
20210219,0.015618830893071686,0.015070016986850412
20210222,-0.0009637749799688775,-0.0016691600922780474
20210223,-0.009105045091908492,-0.009917303964331995
20210224,-0.0014126800939733492,-0.0020210889157382945
20210225,-0.01602181637938921,-0.01644977598989095
20210226,0.0033677829258227303,0.0028523603781410094
20210301,0.0037383324779663224,0.0033177376695706284
20210302,-0.0031137868968643956,-0.003575203678898999
20210303,-0.021886839910909783,-0.02244107274493722
20210304,-0.0006542824045335158,-0.0009908870225849849
20210305,0.005616149385869372,0.005039395463215562
20210308,-0.007119768221958137,-0.007550856607746477
20210309,-0.0024240365293811076,-0.0030612324589151555
20210310,-0.005582587284778371,-0.006012353744411245
20210311,4.7562348804534426e-05,-0.0005744759881046387
20210312,-0.008398929752531458,-0.008950206765393301
20210315,-0.003417638147802428,-0.003738007998277191
20210316,0.0031294383824638818,0.002731382122585157
20210317,-0.005196525534537663,-0.00549128846307671
20210318,-0.014141489804971881,-0.014651693706592361
20210319,-0.007093143500208671,-0.007642292142560623
20210322,-0.014475109342936247,-0.014946535403301
20210323,-0.0013557034292994924,-0.0021349167389270044
20210324,-0.01638194856325934,-0.017204269582037846
20210325,0.005696249831961869,0.005117578010354299
20210326,-0.00235583823259091,-0.0031205265185614986
20210329,-0.024338410280555278,-0.02496199015124153
20210330,-0.011053682539508336,-0.011614526797436072
20210331,0.0014697048491563165,0.001011991001951894
20210401,-0.005979983634669524,-0.006530731214951871
20210402,-0.0048314621265863975,-0.0054273685987451335
20210406,-0.010456070657491927,-0.01122282105332951
20210407,-0.013238982452845069,-0.013564878461725789
20210408,-0.002771930860714581,-0.0030841378177186157
20210409,-0.04587567107492189,-0.04620520621223451
20210412,-0.013719197876205735,-0.014100021878927274
20210413,-0.009624933948396858,-0.010122730756630295
20210414,0.008124176186809114,0.0075470985364782615
20210415,-0.0019060400351302844,-0.0027217264987891695
20210416,0.0012517509414105205,0.0007162426138230501
20210419,-0.014357172153347052,-0.015107912591899707
20210420,-0.003496599678096841,-0.003829649949968316
20210421,-0.01033159348692695,-0.010748040279237361
20210422,-0.004878504787254549,-0.005207259038775455
20210423,-0.0022347635428017426,-0.0025378288806935305
20210426,-0.008088483174730118,-0.008488952802205893
20210427,0.0051875526532360414,0.004731909967287892
20210428,-0.013408905005728753,-0.013713444779204765
20210429,0.007414458295170162,0.007110120631635845
20210430,-0.00536116287836086,-0.005678004357692327
20210506,-0.004687061155284587,-0.005025928693159253
20210507,-0.008583352668350325,-0.008934267021010628
20210510,-0.013084158211792863,-0.013406502806452222
20210511,-0.01804947714265601,-0.018455220046405037
20210512,-0.008326588272471236,-0.008661729311568726
20210513,-0.016042387051605857,-0.016383415330662177
20210514,0.0067071114571281044,0.0062619618341021
20210517,-0.0006390248256844464,-0.0012474079419220222
20210518,-0.01527399518557245,-0.015672866511568833
20210519,-0.008796561866785861,-0.00925705201561493
20210520,-0.005645783291623792,-0.0059929973279050424
20210521,-0.01785593862424491,-0.01845725932201336
20210524,0.0007390711001571959,0.0003976083655319995
20210525,-0.015450652935546606,-0.015909266056189007
20210526,-0.004625983192057231,-0.00499138375545615
20210527,-0.007946573232065294,-0.008339630737944803
20210528,-0.009855322806269148,-0.010135996342088229
20210531,-0.013140270025549074,-0.013432061108017625
20210601,-0.009332915378556298,-0.009597417646176234
20210602,-0.02671022174865138,-0.026951408220842337
20210603,-0.008743930494615245,-0.009155355932714873
20210604,0.0023333905547568987,0.001993698464590617
20210607,-0.02334692748390785,-0.023566385815999704
20210608,-0.015965103492408417,-0.016220754836759495
20210609,-0.014290815676360489,-0.014686193104093137
20210610,0.00495887299497672,0.004680521588980504
20210611,-0.004156022005513557,-0.004566050539324612
20210615,-0.006746404298512389,-0.007013870029346285
20210616,-0.009842636697004959,-0.010108217743556065
20210617,-0.014595015538311492,-0.0151424515157422
20210618,-0.014541290281490916,-0.015078121558474192
20210621,-0.01890453674268453,-0.019138536947786045
20210622,-0.018031030214037746,-0.018279113085337115
20210623,-0.03963879939119168,-0.039831645565221833
20210624,0.004792340953029194,0.004517992145479355
20210625,-0.0124692749789737,-0.012896942488470672
20210628,-0.009794252892711349,-0.010070395714288824
20210629,-0.011681320159771665,-0.011990825755368462
20210630,-0.021281286308315762,-0.021534689404953046
20210701,0.0007381622004918199,0.0005245376158816725
20210702,-0.001834766488117897,-0.0021726928803636665
20210705,-0.023175979382529587,-0.023543774564792626
20210706,-0.016433982260779505,-0.0166610600053853
20210707,-0.018602275506193755,-0.018834937724867506
20210708,-0.019782914546505978,-0.01999642424653001
20210709,-0.025178435438764152,-0.02549411153344134
20210712,0.0055565171286095704,0.005302213640579909
20210713,-0.004884614734054981,-0.0052632331484129425
20210714,-0.0013145103419345166,-0.001530607999328884
20210715,-0.021915672636242833,-0.022147689824424444
20210716,-0.010769830803042724,-0.011019956790917492
20210719,-0.036439058737060576,-0.036681051300346
20210720,-0.007876416937685246,-0.008175877143281987
20210721,-0.0041726140581572055,-0.0043946420092008795
20210722,-0.015809287520204135,-0.01614954322401832
20210723,-0.01074980407428447,-0.01103553385238647
20210726,-0.01901638236202153,-0.01928144395707637
20210727,-0.0018612645347972634,-0.0021302617204838324
20210728,-0.008301241984782427,-0.008954165412294306
20210729,-0.02067161510569668,-0.021005425469830374
20210730,-0.008270342806985086,-0.00852510849989966
20210802,0.008984911148942856,0.00877080362342853
20210803,0.007697271576489949,0.007198582905636295
20210804,-0.03890326056376053,-0.03956247659930444
20210805,-0.013078384877975972,-0.013358305278029439
20210806,-0.014837665271715431,-0.015134447822694108
20210809,0.014788322887131519,0.0144467399544042
20210810,-0.0077820162090882754,-0.008176132837249793
20210811,-0.020025663771796622,-0.020383510479308847
20210812,-0.015726253975173292,-0.01598304587656279
20210813,-0.010763833302580761,-0.010988742719294403
20210816,-0.010340509777864723,-0.010584698344120402
20210817,-0.01839049914329503,-0.01868619759003539
20210818,-0.008922790947982824,-0.009219526696525553
20210819,-0.0007104880505154889,-0.0010026887767432763
20210820,0.00482773632073551,0.004600724706989742
20210823,-0.008416592366255997,-0.008797427565573054
20210824,-0.006451974121658761,-0.006905819977888458
20210825,0.003908435685770237,0.0036693886730263183
20210826,-0.0014564504613392114,-0.0018090326061627011
20210827,-0.003156702658505912,-0.003428808546373964
20210830,-0.011591285014403476,-0.011859202387740223
20210831,0.009265326751837373,0.008958052624352678
20210901,0.00894582116989413,0.008651558142687187
20210902,-0.0102588350684931,-0.010581075637767204
20210903,0.013867391012213823,0.013372855755978507
20210906,-0.0060619370976084976,-0.0064857229207457385
20210907,-0.005556724241324516,-0.0061232243561111085
20210908,0.004096146792226868,0.0036725410070135005
20210909,-0.005831317481041406,-0.006311544589869419
20210910,-0.01546518154631106,-0.016106455314559263
20210913,-0.01654872317008061,-0.01692655053609889
20210914,-0.026743425750107228,-0.027088917769057086
20210915,-0.0063058481942293125,-0.006614855428198636
20210916,0.004451638828125014,0.004070196502324884
20210917,0.0009169681638821888,0.0004846080750542061
20210922,-0.014540723200893873,-0.01495101295731746
20210923,0.014777783507861856,0.014487520615762313
20210924,-0.019934829074689818,-0.02034177606588745
20210927,-0.0029282407033695834,-0.0035190443229179014
20210928,-0.002567530565302665,-0.0033181438676689106
20210929,-0.0008195621035821528,-0.0011754564609312206
20210930,-0.003978617225261951,-0.004365402829631745
20211008,0.01547554589694387,0.015100731890624249
20211011,-0.0012729603452846488,-0.001881474923731876
20211012,-0.0024398316750902406,-0.0030231007026282008
20211013,0.0072743040758041725,0.0065973373271144475
20211014,-0.0014210835680169643,-0.0018828413390891423
20211015,-0.007485264306019944,-0.007876829510574845
20211018,-0.012572824664492426,-0.012896929404242032
20211019,-0.006091419198411051,-0.006414017928769849
20211020,-0.008772584183053916,-0.009157751948475186
20211021,-0.010226970324721262,-0.010538726423651772
20211022,0.006421132376393388,0.006147983808678497
20211025,-0.012002798622396137,-0.012576324652602633
20211026,0.003084601584047012,0.002571946569709581
20211027,-0.014880795272364427,-0.015245972553752879
20211028,0.00810324721816108,0.00765807354775505
20211029,0.013348813677825574,0.012765045323912736
20211101,0.00367724708523361,0.0032381476393006487
20211102,0.00499797839063034,0.004639898238086078
20211103,0.0033162625209949338,0.0028836209649419015
20211104,-0.004834799114949763,-0.005187143462789634
20211105,0.003716264231533115,0.003446035754532056
20211108,-0.006600345390868858,-0.0069569172023080566
20211109,0.0010204080689173013,0.0006338830031388421
20211110,-0.003561719616240928,-0.003844327042462619
20211111,-6.262446472693342e-05,-0.0004082100871104178
20211112,-0.013567385925207075,-0.01382720459123537
20211115,0.011628454608920265,0.011338854136634699
20211116,-0.0019706866399759448,-0.0023333889593466304
20211117,-0.0025350833932416155,-0.002776614364391244
20211118,-0.008030359037010642,-0.008274373489591123
20211119,0.0037153418651166693,0.003440099114952244
20211122,-0.012795389989782299,-0.013054192140728149
20211123,-0.0010483948610711742,-0.0012990201926014401
20211124,-0.004548644439043835,-0.004731570269503573
20211125,0.007945931622941754,0.007718468617727638
20211126,-0.015421190793106427,-0.015764908186240205
20211129,-0.013097600374815808,-0.013338989976100987
20211130,0.014010452081278355,0.013778498757844222
20211201,0.006884605182897782,0.00665277233171057
20211202,0.000867553004690265,0.0005932640545240647
20211203,0.006250146415491318,0.0059143304961591795
20211206,-0.013316183382789053,-0.01363795977866792
20211207,-0.007846979846880962,-0.00814084528823499
20211208,0.0046075660785405235,0.004343168883311129
20211209,0.013369031036183771,0.0131168076826235
20211210,0.0005027316611240645,0.00019013567279961308
20211213,0.0022114097426788456,0.0019872262062557325
20211214,0.002601205006659416,0.002299999993348574
20211215,0.0004954806959853479,0.00021839995420920664
20211216,0.0023958561806581573,0.0020900225079257184
20211217,0.00650362072395692,0.006303722416494512
20211220,0.01661442427390719,0.016386770020765398
20211221,0.012232743777134009,0.011863694527668526
20211222,-0.009132213063935836,-0.009437281913318957
20211223,-0.008100478422831337,-0.008348420512536118
20211224,0.0010464680118561585,0.000715973245943572
20211227,0.013238538105411365,0.012785945100370809
20211228,0.010133897104828218,0.009813931920808512
20211229,0.0042247041417394745,0.003960272892072198
20211230,0.002313587094301209,0.0019160268091009793
20211231,0.004422928177422541,0.004147035937409838
20220104,0.014307475205029983,0.01401445234403227
20220105,0.00010429681627901056,-0.0001089645801222831
20220106,0.0063196842709045,0.0059776260261116265
20220107,-0.0023047389242673304,-0.0025571016849199064
20220110,0.007316715909119845,0.00698976038909307
20220111,0.004956178788136065,0.004675852251094293
20220112,0.005270952885457721,0.0049491358008697224
20220113,0.006718733474250251,0.006384308262785171
20220114,-0.010571332156057534,-0.010888865342638858
20220117,0.005367852797417855,0.005085948456261066
20220118,-0.0060106787078959695,-0.006308344653081928
20220119,0.016774330303991777,0.016426407227857827
20220120,-0.012638284169795514,-0.012917537718032467
20220121,0.019892100078751605,0.019582082441181606
20220124,-0.0037865490492537935,-0.0041716423372497625
20220125,-0.006107535921466956,-0.006500853252561215
20220126,0.013907513384584104,0.013510533772170302
20220127,0.004326314803070909,0.004014527775849691
20220128,0.011429642898158362,0.011029916968307064
20220207,0.004894433575019593,0.004623067036872137
20220208,1.1303214623606915e-05,-0.0003301617339064996
20220209,-0.0072449995139373695,-0.0075511066291963835
20220210,-0.005368934693283572,-0.005587819081656889
20220211,-0.0075788143429252625,-0.007958951079061995
20220214,0.004316115061182273,0.003986759371744375
20220215,0.011847510035829425,0.011574591838266058
20220216,0.002892842423795243,0.0026573682077668513
20220217,0.00959662758464648,0.009248322702059402
20220218,-0.008245297434442373,-0.008549481498947796
20220221,-0.00621242259521279,-0.006498621664052789
20220222,-0.010983354583596118,-0.011284548161788586
20220223,0.013098724842667464,0.012833499516744347
20220224,0.007703670652053615,0.00742998336191104
20220225,0.006092528425874346,0.005653625102183527
20220228,-0.005174461692869154,-0.005764832718665923
20220301,-7.517519512532196e-05,-0.00038623222312646427
20220302,-0.00431492349675318,-0.004573554409104826
20220303,-0.00823398206130049,-0.008615913810070703
20220304,-0.0022258498184456054,-0.0024435911688440357
20220307,-0.014624330815851565,-0.014914943505836659
20220308,-0.007136577084788478,-0.00754097616191416
20220309,-0.017350999633856695,-0.01769991191884988
20220310,0.0045503822363119895,0.004250739455343374
20220311,0.008074978246724897,0.007777998211923907
20220314,-0.012800181724291882,-0.0130416708151716
20220315,-0.018579340230068624,-0.01891809110825897
20220316,0.00941793734245279,0.009086061061879074
20220317,0.009294556201093856,0.009028071235473528
20220318,-0.00165315549782415,-0.0018918941041046401
20220321,-0.0034755193087706465,-0.0037346742810991113
20220322,0.00021232386590885454,-4.0013852732968585e-05
20220323,0.011071678909806664,0.010804869058663229
20220324,-0.008434407528016545,-0.008649307345915448
20220325,0.010070891277708254,0.009788328804688424
20220328,0.005616875492671338,0.0053706921650939375
20220329,-0.011287063901748133,-0.011544442182578704
20220330,0.013427489899115363,0.013178774199336685
20220331,0.009813316846744784,0.009547714292207972
20220401,0.0011752251066777773,0.000895508904852365
20220406,-0.002727066341996139,-0.0030384396752893878
20220407,-0.012545378738173952,-0.012917087542004713
20220408,-0.0044392377541505905,-0.005046505341028479
20220411,-0.00926279966557078,-0.009794970845145018
20220412,0.014717681961601472,0.014417721134549564
20220413,0.000578234299450771,7.891794184433025e-05
20220414,0.004829543918585344,0.004475806324912375
20220415,0.00810425155030369,0.007769945587433375
20220418,0.016581823644930816,0.015829919961595232
20220419,-0.0007529784279870544,-0.0016191132473228349
20220420,0.005675906600270121,0.005295938909077206
20220421,-0.005262763215601398,-0.005866465829825904
20220422,-0.0010730703721187349,-0.0014371743718891862
20220425,-0.03220085281356996,-0.03280306786726205
20220426,-0.010001902493545836,-0.010439631023556174
20220427,0.037370523656472844,0.03692233001476958
20220428,-0.0015097202928917185,-0.002024194289487953
20220429,0.03008590548554207,0.029463856393023954
20220505,0.0012078002675991399,0.000576681782987098
20220506,-0.0002544183823992841,-0.0006625419109969003
20220509,-0.0020893748600544744,-0.0024840334879350718
20220510,0.00798826784533571,0.007606993711166668
20220511,0.008657183116844925,0.008265073350354056
20220512,0.012871798690719067,0.012543452325217712
20220513,0.0037862649059521407,0.003514131927099955
20220516,-0.002839118768772361,-0.0030177517971035515
20220517,0.006779231852075499,0.006577900083510155
20220518,0.009999512845214897,0.009728034088656409
20220519,-0.005437495336840675,-0.005725132896861636
20220520,-0.0013108238718886312,-0.001584372996841448
20220523,0.005911051709394464,0.005694006368386546
20220524,-0.011473049797081056,-0.011781050347380067
20220525,0.014182985091104092,0.01394496544289981
20220526,0.013288767745766879,0.01302234769013849
20220527,-0.0012544391791855284,-0.0016589949749925377
20220530,0.006399069642185246,0.006111292210254341
20220531,0.012850666865980348,0.01260460598819956
20220601,0.017934795658350645,0.01765896743330221
20220602,0.0244481614713188,0.024143139163196357
20220606,0.004899876700752483,0.0044916170452517865
20220607,-0.004227574009672639,-0.0045252373634093596
20220608,-0.0028221569552627514,-0.003380407659590537
20220609,-0.00445110245397322,-0.004939076664321332
20220610,0.009729026558316853,0.009531567414297438
20220613,0.004464429700417061,0.00408532389412703
20220614,0.00019439143869062,-7.542593881077213e-05
20220615,0.00850364642686887,0.008165279111751826
20220616,0.0052380710697799825,0.0049912727668216
20220617,-0.0022568653225844915,-0.002757316187971708
20220620,0.01075699477890556,0.010405957063154517
20220621,0.007055576746629646,0.006581492461780421
20220622,-0.013119624916857014,-0.01351670446634
20220623,0.009205941589805582,0.008872057037158897
20220624,0.0038545501835250927,0.00351513999516163
20220627,-0.0022422619229128665,-0.0026219745642463424
20220628,0.015873855241248683,0.01560768855049258
20220629,0.0025675958836914744,0.002193037400507977
20220630,-0.003749996006436226,-0.004029012200046961
20220701,-6.036172202831267e-06,-0.0007021887810071444
20220704,0.0009600847484137325,0.000605956256518589
20220705,-0.009465182295000176,-0.009757987566485474
20220706,-0.004989352331013596,-0.0052271944988308275
20220707,0.00033076145969607553,3.7727026027982924e-06
20220708,0.011223629076978468,0.010946222569557995
20220711,-0.004072730324309423,-0.004522066612606883
20220712,-0.009671714351889963,-0.009993359544407755
20220713,0.008283343994626949,0.007912269578722752
20220714,-0.002571940777071805,-0.0029056647355573647
20220715,-0.01764570241209905,-0.018037069736617478
20220718,0.018973659812752987,0.01848479068585977
20220719,0.010913248820652885,0.010298941842779326
20220720,-0.0005153398386877595,-0.0008269412379614369
20220721,-0.0026548319275533673,-0.0028951354701402966
20220722,-0.0020619863089068134,-0.002364974504088396
20220725,0.0044302576969905815,0.003919431723086726
20220726,-0.0016912266738530358,-0.0020319376890937492
20220727,-0.0032084423911715367,-0.003544014072206159
20220728,-0.000138456343317213,-0.0006163355817279774
20220729,-0.004959776214466246,-0.005450588916363063
20220801,-0.002063446664878927,-0.0023593274363778224
20220802,-0.004876253952851824,-0.005174576134921909
20220803,0.005293250736815522,0.004654757378670525
20220804,0.0022794754757383523,0.0019197416344269372
20220805,0.007034663785438566,0.006713770521357279
20220808,-0.0061360297018359725,-0.0064787696374732605
20220809,-0.005826610849755202,-0.006116388979884345
20220810,-0.0018758449051272004,-0.0022302149688924774
20220811,0.012027971279544235,0.01174696078875875
20220812,0.007364816367879595,0.007001185722012993
20220815,-0.013478860304425504,-0.013795185798406804
20220816,-0.006954481620718946,-0.007241828898652962
20220817,-0.0014388278771511438,-0.0016802138416295424
20220818,-0.012860352216455453,-0.013216751054647575
20220819,0.006525282275213543,0.00621364975156935
20220822,-0.0023872947060129463,-0.0027780486954552637
20220823,-0.0024005776748390944,-0.0026875317614871775
20220824,0.0038083636316164826,0.003526320430592376
20220825,0.01309208027594589,0.012764582921103933
20220826,0.010076060958845478,0.009635479948263413
20220829,0.0067425545179845645,0.006368742656607194
20220830,0.015482943185871413,0.015149220647756617
20220831,0.008157180919674191,0.007665986153915803
20220901,0.00851328312785122,0.00788311953170648
20220902,0.005434597146266405,0.00508242152249296
20220905,0.006286129987911306,0.005961487962516494
20220906,-0.008021591613234376,-0.008421167474326316
20220907,-0.010101417863405432,-0.010432725348605109
20220908,0.0023113626787134387,0.001881055384456968
20220909,0.005338862254809545,0.004947134060369797
20220913,-6.736911732171401e-05,-0.00047045713594194084
20220914,-0.006860530616621823,-0.007228758013414196
20220915,0.0033708624841128753,0.0030727449083943993
20220916,-0.010556094871855864,-0.010867728280518983
20220919,-0.001550992302770596,-0.0019463743318453594
20220920,-6.330459860013357e-05,-0.00040563179765076867
20220921,0.01072869745991859,0.010180672305189297
20220922,-0.007565741444875979,-0.008149783929665727
20220923,0.002826221349813619,0.00233729468395592
20220926,-0.013307914443191366,-0.013835087531758845
20220927,0.01722622757823119,0.016415220820165437
20220928,0.0024635518530391064,0.0019929647952328594
20220929,0.007443546375400253,0.006924472130254672
20220930,0.009998726999235912,0.009568750057039811
20221010,-0.0010134765582634569,-0.001410695536420954
20221011,-0.0013425346092533572,-0.001892665445695981
20221012,0.0034808772454714104,0.003098460577787528
20221013,0.003440450347676773,0.0029621068294808997
20221014,0.006014558149086901,0.005416265360225811
20221017,0.00430827101103862,0.0038463020661657446
20221018,-0.0033267938985918665,-0.0036033823346887962
20221019,-0.0009910127276400388,-0.0012844780253316527
20221020,0.0030502764723389993,0.00272204795231761
20221021,0.001856806292388317,0.0015162607346207487
20221024,-0.009822428543844294,-0.010124078993221652
20221025,0.000633674556732389,0.0003522639431766764
20221026,0.006146691349529431,0.005845248465474442
20221027,0.015896095747025083,0.015578832757364573
20221028,-0.013429423284737192,-0.01392491821293189
20221031,0.0025124245379985915,0.00206061843483311
20221101,0.003740743522532893,0.003424772879715049
20221102,-0.0018778100814777852,-0.0022603024096629707
20221103,-0.0028654901932832636,-0.0033691510958975923
20221104,-0.0013980692954110759,-0.001695340649899651
20221107,-0.0029304228230024056,-0.0033020216566144963
20221108,-0.0029873001197553853,-0.0031992389819748774
20221109,-0.007252404718469966,-0.007628028355305783
20221110,0.0029669159087118008,0.002425394569701871
20221111,0.011557562972656633,0.01129770842226595
20221114,0.007066405351932068,0.006776931406640823
20221115,-0.0014978278675885583,-0.0018189680222690258
20221116,0.001215118676124054,0.0009373998552935838
20221117,-0.00064702444886516,-0.0009793626945849353
20221118,0.001086675203744968,0.0007575812339794881
20221121,-0.005263217258010896,-0.005606524981475841
20221122,0.009288543251358663,0.009023816086787435
20221123,0.008222855522445765,0.007923182924390435
20221124,0.0006779217959880163,0.0002659405796521035
20221125,0.0008748507155339035,0.0006243576436372412
20221128,-0.008543037163105758,-0.008831055788217888
20221129,0.007948034425276668,0.007434348067721127
20221130,-0.0026307763844945226,-0.0028580876264088866
20221201,0.0041409141899976555,0.0038605740304506553
20221202,0.0021012387808499525,0.0015819474226734741
20221205,0.006563294077984241,0.005922298865852394
20221206,-0.002305203661452268,-0.002861551364996532
20221207,-0.004162867101601315,-0.004627525957215193
20221208,-0.001868855280866468,-0.002165963126287301
20221209,-0.000404373367184976,-0.0006560741974510301
20221212,-0.007819553111162133,-0.008154261963741303
20221213,0.008492679470059288,0.008229252963636954
20221214,0.005350860751990376,0.005068186983516977
20221215,0.0015855897291955803,0.0013177554340967146
20221216,-0.0020430414771235106,-0.002378588528969326
20221219,-0.006274309206262919,-0.006569705018549448
20221220,0.011133175410710195,0.010813145039525317
20221221,-0.0014987391616264453,-0.0018223407280381439
20221222,-0.007500801765610583,-0.008039093213120543
20221223,0.003444019705981398,0.002962451946295364
20221226,0.005002219499328187,0.004704879035465629
20221227,0.0040054430876335975,0.0036714280464927498
20221228,-0.0037052369687599123,-0.004130545915666023
20221229,2.8843148879948485e-05,-0.0003282976001836968
20221230,0.005179179367874792,0.004870205820590764
20230103,-0.0014789852764867744,-0.0021845942181268094
20230104,0.007442180027411271,0.0069512105538873225
20230105,0.001392639958255971,0.001118854035934715
20230106,0.0028117977783993276,0.0024626440169489196
20230109,0.0011151098785910246,0.0007465138069874383
20230110,-0.004031646906880604,-0.00431754218374473
20230111,-0.0004562279588497056,-0.0006977394017346182
20230112,0.0054921392854294475,0.004992564333560025
20230113,0.006635940457949798,0.006343214370838998
20230116,0.00948819107560147,0.009159711174094953
20230117,0.0037124626918356874,0.00337944795556733
20230118,0.009437846866962224,0.009005656973320925
20230119,0.007694461447296914,0.007360265000713531
20230120,0.0017776605232805646,0.001442723183643473
20230130,-0.0012568823217144146,-0.001591309189907387
20230131,0.004335086875689032,0.004028694017599937
20230201,-0.00229115113034724,-0.002609891676548854
20230202,0.00328144338788167,0.0029860425217279212
20230203,-0.003428344756966154,-0.003866106002260778
20230206,0.006480556628209766,0.0062317570285299745
20230207,0.0050999308251525885,0.004805955511913137
20230208,0.0005385256026656588,0.0002636446164823192
20230209,0.0004722676601851459,0.00018853300282698838
20230210,0.00505016013698713,0.004768867662582632
20230213,-0.0010876578772423908,-0.0013679101007937097
20230214,0.0067692608195481,0.006511268178074691
20230215,-0.004215613145813082,-0.004554744574826765
20230216,-0.001838693316992845,-0.0021101529343075386
20230217,0.0090719527222625,0.008714490568666518
20230220,0.0026956199762178906,0.002058296166927085
20230221,0.0071460477460206315,0.006795979349022894
20230222,0.0011992902578887863,0.0009058353423540046
20230223,0.004951128127374355,0.004652371855258401
20230224,0.004137668240427801,0.003835198808265237
20230227,-0.0005414803057911543,-0.000846217261255514
20230228,0.003677597892431669,0.003387213139477566
20230301,-0.004796458432061617,-0.005101559598420985
20230302,0.0035690454558212066,0.00315954410176373
20230303,6.247571524994785e-05,-0.0002371200791792949
20230306,0.000304297295669243,-2.292256625254993e-05
20230307,-0.00705988282866601,-0.007517173594017924
20230308,-0.0044539141286437855,-0.004834101006084886
20230309,0.006839638143155749,0.006417693734651683
20230310,-0.005014391308387461,-0.005389998856294001
20230313,-0.007480354358302749,-0.007811254814129791
20230314,-0.005877530587092276,-0.006141201789792941
20230315,0.01687318215476946,0.01654841742992509
20230316,-0.008498506260837639,-0.008811125236694157
20230317,-0.007679015583607355,-0.00803029845473582
20230320,0.008537514221830625,0.008165163568946842
20230321,0.009725131412545097,0.009391937758420387
20230322,0.0026665439334710686,0.002370887606060874
20230323,-0.0063111809488344255,-0.006610690928628132
20230324,-0.0029465213729240125,-0.003319660768176894
20230327,-0.011044386631290603,-0.011350524385612562
20230328,0.008598123892179454,0.00832145814848325
20230329,-0.011312671253197824,-0.011668575619703718
20230330,0.0058525588453394615,0.005500473041881548
20230331,-0.002519671034490208,-0.0028541155347771726
20230403,-0.01690298969131621,-0.01733849770494651
20230404,-0.011468267978664142,-0.011689818949872411
20230406,-0.003162682157292554,-0.003400334246534246
20230407,-0.0012064258133649584,-0.0015332175380718585
20230410,-0.0057119931922791495,-0.006062998725846889
20230411,-0.006324460644338933,-0.006715483554335893
20230412,-0.00568062597093691,-0.005965476751289015
20230413,0.009559457713500766,0.009251400322274768
20230414,0.00033310675109177526,-4.0889639720469205e-05
20230417,0.017524143965728968,0.01710608185468695
20230418,-0.0045359955149571465,-0.005127001820239617
20230419,-0.007883111088160297,-0.008475579909310482
20230420,-0.016942862022297382,-0.017202351226293468
20230421,0.014917967095718083,0.014625538764762691
20230424,0.0019213941093853234,0.0006889976995767637
20230425,0.0021188331629854343,0.0011810751015740918
20230426,0.03047054767876336,0.029907571839097723
20230427,0.02405068873811699,0.023412339084165557
20230428,-0.004743690750585451,-0.005254274424381228
20230504,0.013129966485425129,0.012654828367805427
20230505,0.004392323853605112,0.003862318439102637
20230508,0.0028886477973357944,0.0024690775281035614
20230509,0.008653623084205158,0.008267183984358805
20230510,0.009480068919618206,0.009214573590020403
20230511,0.0067075399059825964,0.00636550976303586
20230512,0.00497680656353115,0.004560237729897854
20230515,0.013408974606447903,0.012886324815686013
20230516,0.011514648239236563,0.010975578866759948
20230517,0.005533636645539367,0.005064062424243092
20230518,-0.004939950445008759,-0.0052707083671500775
20230519,0.0032626535809932326,0.0029320411451049574
20230522,0.008515325042793554,0.008151422573643916
20230523,0.0033189782615474397,0.0029561640645811666
20230524,-0.00498585241085122,-0.0054964447000303285
20230525,0.002106136532325317,0.0016540112329688887
20230526,0.0002833653258287898,1.3450191501428567e-05
20230529,-0.008033172084703758,-0.008439129672241644
20230530,-0.005064010680286748,-0.00534261733215584
20230531,-0.006774916787332382,-0.007040443547765936
20230601,-0.0027166131609415818,-0.002960058360449976
20230602,0.006462285427010814,0.0061346747431391315
20230605,-0.005692228218998207,-0.00604712251093059
20230606,-0.008488722055880717,-0.00884996275579241
20230607,-0.00954075597425703,-0.009885641906856492
20230608,0.009788272543742049,0.00948231771799918
20230609,-0.008862190446175727,-0.009277725107671391
20230612,0.014817219564573806,0.014459604203050216
20230613,0.0005232196149464021,0.000278989288336703
20230614,-0.0032455604952728524,-0.00350652119649878
20230615,0.008171329655519676,0.007858534738651259
20230616,-0.009184054657070787,-0.009581713568105462
20230619,-0.016371464081320675,-0.01669684624649296
20230620,0.001243842253586458,0.0007109169145939131
20230621,0.009942983709953872,0.009658370151088785
20230626,0.0012614061073406603,0.0008505175795794413
20230627,0.015557304823966257,0.015150705242463284
20230628,0.011986891551910808,0.01167870196986953
20230629,0.004943841095632813,0.004646264079539068
20230630,0.007242139021788905,0.006884324245042393
20230703,0.009148898018309747,0.008498210121283281
20230704,-0.004721347520621609,-0.00512227641145426
20230705,0.003181884329488171,0.0029490551948656327
20230706,-0.0019929076542453575,-0.0022468610071156503
20230707,0.008987517623486629,0.008610852376110189
20230710,0.0057091825862296795,0.005416898298994756
20230711,0.003847985027129301,0.0035291348503863383
20230712,-0.0021671758016431637,-0.0024597004639198934
20230713,0.00392836974381165,0.0036356202539094508
20230714,-5.4667059254809715e-05,-0.0005155608795171831
20230717,0.007648111760269055,0.007414243598206968
20230718,0.009942074568544377,0.009201250649570869
20230719,0.0050311575840912715,0.004564902469842477
20230720,0.002111832700534307,0.0018092327608533422
20230721,0.014271557860684812,0.013934299622668095
20230724,0.009267439414260453,0.008962416336709515
20230725,0.005365380823637747,0.0050769351346632635
20230726,0.012064198131839132,0.01161873156498263
20230727,0.005147872614965573,0.004778036660711975
20230728,0.014592043584562587,0.014209873506686933
20230731,0.001977622171765911,0.0016403984911318042
20230801,0.0004785276788142163,0.0001946454513372663
20230802,-0.0014957679957759507,-0.0019118912945740836
20230803,-0.0015482789562603725,-0.0018363145308169361
20230804,-0.00804231073976567,-0.008488116862885696
20230807,-0.009623516795814826,-0.009871582511415575
20230808,0.0014928226588253183,0.0011974411149858262
20230809,-0.034079716210088165,-0.03452150186972551
20230810,0.001564639461935431,0.0008132207171236388
20230811,-0.005088702353853204,-0.005461954813571352
20230814,-0.0012044485968598596,-0.0017686301944148193
20230815,-0.005922362134471806,-0.006313115349594317
20230816,-0.004483586857655669,-0.005087351387622276
20230817,0.0059904386390186234,0.0056121432152864215
20230818,-0.004238343293837455,-0.004661227551525167
20230821,-0.003679647674566724,-0.004487502357416679
20230822,0.00198750984535027,0.0016189855334667058
20230823,-0.0016610655914177492,-0.0020977199035952256
20230824,0.012408001779543817,0.011302909459960823
20230825,0.001333925892779502,0.0008546988040005342
20230828,-0.0028943571750621507,-0.0033761899111983316
20230829,0.01085333131481554,0.010064962887772396
20230830,0.011672823647139325,0.01126378597353003
20230831,0.00018877721574825325,-0.0002650746012324398
20230901,0.0008461955485680526,0.000349913534769372
20230904,0.007858220346959557,0.007456159813993623
20230905,0.006732179880714008,0.006133765439770766
20230906,0.006497889364061246,0.006012903540651806
20230907,-0.002934532122595488,-0.0035241677665199126
20230908,-0.0030332231981126507,-0.0034198297231491062
20230911,0.013475362618276986,0.013131865915640745
20230912,0.002810677708929188,0.0021074843985452465
20230913,-0.00886145413993821,-0.009522070509848093
20230914,0.0017603313341183016,0.0013950927488726632
20230915,0.003985179804489761,0.0035336680493457755
20230918,0.009402098816287553,0.008966705832357582
20230919,-0.005441254714749447,-0.005825981898770273
20230920,-0.00416713825558826,-0.004564575341209138
20230921,-0.0006839910213265548,-0.0010098638500157507
20230922,0.014333229770199287,0.014001592377899306
20230925,-0.004765623933008239,-0.0053308406419953335
20230926,-8.027615755093709e-05,-0.000515001724383194
20230927,0.008428574959837318,0.007960916410646288
20230928,0.0010761271863166755,0.0006533119745479991
20231009,-0.012104362340068333,-0.012529842131480578
20231010,-0.002089921880565346,-0.0025009660673074416
20231011,0.0015706686450826994,0.0012438521581524323
20231012,0.010333499986549085,0.010015667610312317
20231013,-0.014582090354127598,-0.015092266546354902
20231016,-0.005579428876099194,-0.006285392259505857
20231017,0.005845288846128351,0.005455839333317209
20231018,-0.007142608503426653,-0.007463092693996426
20231019,0.012908111018338997,0.012577209317676594
20231020,0.008183702810882307,0.0077171699647378324
20231023,-0.014576721089976838,-0.015037160266670102
20231024,0.01675304652670138,0.01639840790634722
20231025,0.0027267021579750568,0.002338329973098821
20231026,-0.003750049250933658,-0.0040820318410745675
20231027,0.014390685701333613,0.014058988133197812
20231030,-0.0004662421640989091,-0.0008360613614625065
20231031,0.0031409714336658387,0.002694579355735689
20231101,0.008312573550340742,0.007958373135602909
20231102,0.002886714671771256,0.002501441977582728
20231103,-0.008766373061323267,-0.009288838935924824
20231106,-0.004777939419757126,-0.005148611831772365
20231107,-0.009856901072561264,-0.01036414909929295
20231108,-0.0042239895198134415,-0.0047364687023155536
20231109,0.01185199217832955,0.01138093427177705
20231110,0.004460008737769094,0.003864306109277461
20231113,0.0038014337188723712,0.0035086299608843574
20231114,-0.01041104162854101,-0.010896002249274119
20231115,0.0008122844260453866,0.00048358168611494087
20231116,-0.0021432140000459342,-0.002387790964553779
20231117,0.002681772054762979,0.0022884683334689795
20231120,8.210684487321824e-05,-0.00028057266593347664
20231121,0.006831298680099982,0.006528272222232151
20231122,0.003599454120987996,0.003331515788572733
20231123,0.009118307903852974,0.008784086884883323
20231124,0.006271843575888383,0.006041260194451473
20231127,0.001535942094230956,0.0012757574090993846
20231128,0.007989847475373901,0.0075124046439846185
20231129,-0.0009696591289015278,-0.0015388416878965613
20231130,0.0010203637461427928,0.0007006936250209299
20231201,-0.00729026793859407,-0.00766121871221442
20231204,0.0022582147800510512,0.0019498688193107343
20231205,0.0032466989685245896,0.002960733950324831
20231206,0.006765452865242922,0.006459855443806988
20231207,-0.001558039936132112,-0.0018482824954716066
20231208,-0.022926992078189348,-0.023276559196108677
20231211,8.676088093934368e-05,-0.0001998602433963771
20231212,0.0015983339638778742,0.001373800330835262
20231213,0.006436891800387971,0.006158032721868685
20231214,0.00986483072975309,0.00934539602393917
20231215,0.003723010134526408,0.0034223235347214534
20231218,-0.002556270379726724,-0.0030266596129405556
20231219,0.00409657259933097,0.0037379450870011965
20231220,0.008111782064916537,0.007749421340251003
20231221,0.005388491230249405,0.005070578687265152
20231222,0.001090399174873778,0.0008031715625202456
20231225,-0.007614198357808734,-0.008193514269275231
20231226,-0.005861925731405869,-0.0061310785930925515
20231227,0.005313166919698794,0.004937593277745737
20231228,0.014796993654338252,0.014394278376389905
20231229,-0.005138529363920725,-0.005541863486385384
20240102,0.02086234382667827,0.020427277040818013
20240103,0.005555755014903256,0.004943660365102058
20240104,0.0021357499086018484,0.0017486601222134468
20240105,0.006506627724214935,0.0061290580073899295
20240108,-0.0035958922182861867,-0.004102302628898807
20240109,0.009957571162090761,0.00935213751634983
20240110,0.004116287225403835,0.0035958934793317737
20240111,-0.002758648448836432,-0.003143149161187211
20240112,0.0071637016631759445,0.00681874185400187
20240115,-0.0020124337792589196,-0.0023897023848556526
20240116,-0.007085605021374063,-0.007632213440122693
20240117,0.00010018122204536037,-0.0003251341537212006
20240118,-0.018962725402942224,-0.019274868243085743
20240119,0.0014535155699635222,0.0010529690421063574
20240122,-0.03295676257897651,-0.033364087363731615
20240123,-0.019614727091868303,-0.019990974542170335
20240124,0.006615240395749958,0.006260096677120516
20240125,0.03322051181880335,0.032944448860391384
20240126,0.012720910443640338,0.01203590885456898
20240129,-0.011964549255189373,-0.013070389078521682
20240130,-0.010527333986861403,-0.010898653553564706
20240131,-0.035112734097702075,-0.03556670265656688
20240201,-0.007940049801658853,-0.008290048167109829
20240202,-0.04041699179299118,-0.040750138144809434
20240205,-0.0948011343695594,-0.09520528045378063
20240206,-0.026627639555780024,-0.027168172498675796
20240207,-0.06052834125964866,-0.060954588187892775
20240208,0.08235392083903234,0.08203942630494675
20240219,0.03693625268561254,0.03628774419860867
20240220,0.01160651311052065,0.011348673004463586
20240221,0.02972082002251896,0.02947957654930885
20240222,0.0303174743654002,0.0300479115656207
20240223,0.03720087033821952,0.036903948013550264
20240226,0.027487672164950353,0.026956669585698513
20240227,0.011947650221671428,0.011432265241214755
20240228,-0.03857721343345608,-0.03925495856601174
20240229,0.016282523234288814,0.01556471290534675
20240301,0.0063493769570315516,0.006040739826084737
20240304,-0.009626658032105878,-0.010124766034803662
20240305,-0.022277859119358263,-0.02258161442373569
20240306,0.014126470750702511,0.013842543369060259
20240307,0.019017071847608508,0.018745205305256415
20240308,-0.0050848097613966775,-0.005541223899035741
20240311,0.012112094319162051,0.011724681351001456
20240312,0.026069869292113773,0.025754119285035352
20240313,-0.0035167424632420487,-0.0037719212666349417
20240314,0.0015862652867040196,0.0012735863947638528
20240315,0.012898887090916255,0.01256865476983282
20240318,0.011352474031310435,0.010906720246393626
20240319,0.0047233309904362655,0.004306368384217831
20240320,0.006577382805379919,0.0062553613087240525
20240321,0.005351610997962412,0.005077257582726466
20240322,-0.015005007307607903,-0.015328011510066759
20240325,-0.0002735335425697414,-0.0006150175235308585
20240326,0.013827644961236937,0.013478735784704668
20240327,0.006253848524231555,0.0059509573168547965
20240328,0.007905410143593633,0.007382888250523524
20240329,0.016705779938634296,0.01624246001484447
20240401,0.017630359382993874,0.01734710191225755
20240402,0.016062055402803956,0.015745459034718325
20240403,0.009717773239558367,0.00938376616583913
20240408,-0.020086209256509502,-0.02038831992495752
20240409,0.020926497856784826,0.020642821685788133
20240410,-0.009362537750991277,-0.009613065226550447
20240411,0.004733180253224885,0.004419587906094897
20240412,-0.0016422846480747847,-0.0018799343282409379
20240415,-0.038634014233168534,-0.03901636064579231
20240416,-0.0333902804549159,-0.0337609537157887
20240417,0.05522764012345173,0.05453103471956179
20240418,-0.0037392120295346495,-0.004039934094460039
20240419,-0.0011308563363315598,-0.0016508920440289373
20240422,0.009824189878723797,0.009351194572452483
20240423,0.02687970985855235,0.026604338547258386
20240424,0.00916758829883664,0.008880388322099994
20240425,0.013321775441790367,0.01300582414992657
20240426,-0.00016164427225342668,-0.0004750359383625688
20240429,0.027631208225193597,0.02728041395640409
20240430,0.009232952805523604,0.008885525412735967
20240506,0.02229863862818241,0.02171552107321508
20240507,0.00778785226296454,0.007401417858581845
20240508,0.0018133836440986095,0.0015497151401409146
20240509,0.01200294355167158,0.011757718427994009
20240510,0.007692446663626205,0.007301703773045011
20240513,-0.007713873843042887,-0.008016913474721296
20240514,0.006084471920618785,0.005714973363379629
20240515,-0.0021233814374472535,-0.002606134293396621
20240516,0.002129470699764177,0.001576814456616922
20240517,0.0013646923569421193,0.0009398779673011053
20240520,-0.0036563954965237377,-0.004007405885952767
20240521,-0.001867135713007631,-0.002160100454387608
20240522,-0.0014363314698920718,-0.001850890801533351
20240523,-0.01202783003165668,-0.012316106538300424
20240524,0.008145768017263405,0.007770119768997173
20240527,0.010990612418278683,0.0106907137013224
20240528,-0.0021723819124832744,-0.0025716224097605805
20240529,0.0069377998092359835,0.006621856612386425
20240530,0.004538990304165674,0.004097047679207313
20240531,0.0036806952659735348,0.0031294969152450298
20240603,-0.011242534914463078,-0.011594382828199062
20240604,0.0031263241889254566,0.0027277198090607966
20240605,-0.01503235170895768,-0.015397707610863268
20240606,-0.02020465627200574,-0.021050917595065926
20240607,0.032364794634482205,0.03190094825296275
20240611,-0.012616559035594471,-0.012993707893176092
20240612,0.011882518710525578,0.011238080174692645
20240613,-0.006692039703559659,-0.007150824303004856
20240614,0.0015251868593605248,0.0012112936061514576
20240617,-0.01438421844686991,-0.015264291486391456
20240618,0.0017248893785967393,0.0013793071157881343
20240619,-0.0025210430627549962,-0.002772222945310662
20240620,-0.006022318582084527,-0.006360817979975968
20240621,0.008631558201477582,0.008231975754514974
20240624,-0.01326230075972809,-0.013638457903955743
20240625,0.01974016577838799,0.019441290469844694
20240626,0.01557446464930774,0.015304337160597254
20240627,-0.001412439563598703,-0.001761000937002864
20240628,-0.0031276216461060655,-0.003472184135238753
20240701,0.010287330805092258,0.009916687394098473
20240702,0.012012631794993704,0.011449246294663196
20240703,0.004874362807969027,0.004444292637483734
20240704,-0.012475407031086946,-0.012855095081954072
20240705,0.011590909101613443,0.011184214627879522
20240708,-0.011468578001163982,-0.01180273636589016
20240709,-0.0019868738123629964,-0.002566392729231653
20240710,-0.007274889785373476,-0.007849628642936347
20240711,0.027741341788985765,0.027369945581175784
20240712,0.00521845966472298,0.004461213571465574
20240715,-0.00821107410703479,-0.008873639938906315
20240716,-0.010588096592784455,-0.010896969807061254
20240717,0.01317645714510628,0.012611365001565143
20240718,-0.00035849181296668936,-0.0008887854440400547
20240719,-0.0011688225042384925,-0.0018161207940701348
20240722,-0.011630345776499497,-0.012239197941134518
20240723,-0.0030590368654474006,-0.0034395452268668925
20240724,0.0004800251715224046,0.00013299624609119275
20240725,0.007814119028024017,0.007403745625324353
20240726,0.011473374404399913,0.011209811055262198
20240729,-0.007734538692076353,-0.008162463480080973
20240730,0.0012276775482238224,0.0009051407249386436
20240731,0.021052723117607856,0.02073878504178005
20240801,-0.007921605446608212,-0.008874903866372106
20240802,0.005301757414524472,0.004943282889868082
20240805,0.0061099441306096645,0.005721234093666918
20240806,0.007100653233155554,0.006788911891967849
20240807,0.00025132615381135863,-8.943505142155561e-05
20240808,0.013843316806172082,0.013534949884681841
20240809,0.0024478022549903667,0.0021634115243385215
20240812,0.01035658910852712,0.010021810852931969
20240813,-0.0005890676123937939,-0.0009582154138853275
20240814,-0.010093235535080278,-0.010391420559190406
20240815,0.00016808346169859805,-0.00010112887250929249
20240816,-0.005878957621696156,-0.006176429336467451
20240819,0.007223876861265003,0.006538367276799943
20240820,-0.00623168059961207,-0.007146872078295459
20240821,-0.005807633295482168,-0.006298735372179051
20240822,0.0033826365276942777,0.0030567787867599025
20240823,0.003112311971559277,0.002630823973744976
20240826,0.004555734735676963,0.004184324058418926
20240827,0.004658213089790063,0.004303563441574372
20240828,0.004782437691425579,0.0038396081992768615
20240829,-0.007416791948494364,-0.008286436493461488
20240830,-0.008775560399873008,-0.009136051463671087
20240902,-0.0034870881271319705,-0.0037953210579761694
20240903,-0.004812661960134027,-0.005342243362571742
20240904,0.00281793526159617,0.002541307073753894
20240905,0.005429890121771919,0.005126509462297115
20240906,-0.0037291158290266623,-0.004015040818726321
20240909,0.000607317410456009,9.191867350182546e-05
20240910,0.0032554886803894,0.0028412083996467046
20240911,6.625682921904607e-05,-0.0003463605530231107
20240912,0.0020672863758767644,0.0013418285971551506
20240913,-0.004165218901070888,-0.004487188113168089
20240918,0.002010578348458527,0.001697379567403377
20240919,0.011405943042072559,0.010964240637154642
20240920,-0.007348214523584742,-0.007850427968268521
20240923,0.0022922435505542457,0.0018604847653925364
20240924,0.01874183841196629,0.01831373322538476
20240925,0.0006373713728693,0.00016382701094347683
20240926,0.012036883409816358,0.011740882891167903
20240927,-0.0008744646629581312,-0.0011762803723768974
20240930,-0.023878233182016016,-0.024123179857149193
20241008,-0.023455957724959786,-0.0239520301707586
20241009,-0.038964172930918,-0.03974700094691331
20241010,0.029354926346094906,0.028942637129042412
20241011,-0.04472730380965463,-0.04504566814571434
20241014,-0.0005015698084551712,-0.0012004475728532985
20241015,-0.00938445789881288,-0.009698668712574568
20241016,-0.012431919854088301,-0.012715099762693314
20241017,-0.02023123725206913,-0.02058079333329072
20241018,0.0024209208777240653,0.0021661804997654783
20241021,-0.009544701838578822,-0.009810850318597632
20241022,0.015935857184699823,0.015609614287412041
20241023,0.005068054149781056,0.004693044517741432
20241024,-0.011893350821213395,-0.012172328267179079
20241025,0.0010652961477299414,0.0008063409491939051
20241028,0.00857382969048364,0.008068377085414344
20241029,-0.027108005726085835,-0.027380168834537737
20241030,-0.009909977901877726,-0.010329563276823456
20241031,-0.0092876993808244,-0.009638555075002622
20241101,0.018973998734928874,0.018736235830475918
20241104,0.012905689433248286,0.01250969785695718
20241105,-0.010889958235889745,-0.011185058951183414
20241106,-0.0002928727588935865,-0.0005472711410029994
20241107,0.0065013634685054675,0.006196032217846157
20241108,-0.009507660441765126,-0.009820718135945976
20241111,-0.006048732139611286,-0.006458624882774255
20241112,0.0032868311403464992,0.0030334063515737447
20241113,0.0034845876636815497,0.003014305528045085
20241114,-0.00425308798442559,-0.0046551731190117235
20241115,0.00792520878917244,0.007570793171230468
20241118,0.02013158228705095,0.01986842976725733
20241119,0.003949023888950679,0.003408461744889376
20241120,0.0003118520074117605,3.327465885852012e-05
20241121,0.008339856879992502,0.007999134798780396
20241122,-0.015786064412154483,-0.016183675140957463
20241125,0.023062480261899762,0.02255516999480841
20241126,-0.012018163109917612,-0.012536777813806563
20241127,0.0028368941978359026,0.0024274989414374056
20241128,0.00970334231775604,0.009299644584840332
20241129,-0.005795201213113353,-0.006137482457569794
20241202,0.005265980583384421,0.004715557021048462
20241203,0.0061595072607271185,0.005899192495328075
20241204,-0.005418793658606998,-0.005766997263852704
20241205,-0.003223317416797454,-0.0036069716618424646
20241206,0.006151109035579419,0.005878246815105404
20241209,0.0030555408940782405,0.002793444778497572
20241210,-0.006252735093161307,-0.006552961056115344
20241211,0.0068050571393456485,0.0062708237437214855
20241212,0.005020366372237289,0.004685096641406775
20241213,-0.007283263160183081,-0.007551931863317141
20241216,0.01198382198698696,0.011720103289776001
20241217,-0.012430367523857355,-0.012818309069626726
20241218,-0.007470532618774929,-0.007921364844648244
20241219,0.0038449858706786034,0.00352669628048822
20241220,0.003016447675313306,0.002738066351247194
20241223,-0.016630868780714705,-0.01697277114086225
20241224,0.0007983498536056045,0.00017978754482722375
20241225,-0.008881816141019405,-0.00919071214757987
20241226,-0.00826790274991487,-0.008615945290547773
20241227,0.02384389335003361,0.02344244131591773
20241230,-0.007651683773326111,-0.008070253619372515
20241231,0.0023876845650749566,0.001921394824942347
